BUG,PORT,GROUP
tiktokcdn.com,443,tiktok
tiktokcdn.com.atomile.com,443,tiktok
tiktokcdn.com.c.bytefcdn-oversea.com,443,tiktok
tiktokcdn.com.c.bytefcdn-ttpeu.com,443,tiktok
tiktokcdn.com.c.bytetcdn.com,443,tiktok
tiktokcdn.com.c.worldfcdn.com,443,tiktok
tiktokcdn.com.qlivecdn.com,443,tiktok
tiktokcdn.com.rocket-cdn.com,443,tiktok
tiktokcdn.com,80,tiktok
tiktokcdn.com.atomile.com,80,tiktok
tiktokcdn.com.c.bytefcdn-oversea.com,80,tiktok
tiktokcdn.com.c.bytefcdn-ttpeu.com,80,tiktok
tiktokcdn.com.c.bytetcdn.com,80,tiktok
tiktokcdn.com.c.worldfcdn.com,80,tiktok
tiktokcdn.com.qlivecdn.com,80,tiktok
tiktokcdn.com.rocket-cdn.com,80,tiktok
quiz.int.vidio.com,443,vidio
104.22.5.240,443,vidio
104.22.4.240,443,vidio
172.67.5.14,443,vidio
quiz.vidio.com,443,vidio
img.email3.vidio.com,443,vidio
quiz.staging.vidio.com,443,vidio
quiz.int.vidio.com,80,vidio
104.22.5.240,80,vidio
104.22.4.240,80,vidio
172.67.5.14,80,vidio
quiz.vidio.com,80,vidio
img.email3.vidio.com,80,vidio
quiz.staging.vidio.com,80,vidio
ir.netflix.net,443,netflix
162.159.129.11,443,netflix
162.159.130.11,443,netflix
devices.netflix.com,443,netflix
creativeservices.netflix.com,443,netflix
cache.netflix.com,443,netflix
104.17.238.25,443,netflix
104.17.239.25,443,netflix
104.17.240.25,443,netflix
104.17.241.25,443,netflix
ir.netflix.net,80,netflix
162.159.129.11,80,netflix
162.159.130.11,80,netflix
devices.netflix.com,80,netflix
creativeservices.netflix.com,80,netflix
cache.netflix.com,80,netflix
104.17.238.25,80,netflix
104.17.239.25,80,netflix
104.17.240.25,80,netflix
104.17.241.25,80,netflix
